-- MySQL dump 10.16  Distrib 10.1.26-MariaDB, for Linux (x86_64)
--
-- Host: 127.0.0.1    Database: web_monitoring
-- ------------------------------------------------------
-- Server version	10.1.26-MariaDB

/*!40101 SET @OLD_CHARACTER_SET_CLIENT=@@CHARACTER_SET_CLIENT */;
/*!40101 SET @OLD_CHARACTER_SET_RESULTS=@@CHARACTER_SET_RESULTS */;
/*!40101 SET @OLD_COLLATION_CONNECTION=@@COLLATION_CONNECTION */;
/*!40101 SET NAMES utf8 */;
/*!40103 SET @OLD_TIME_ZONE=@@TIME_ZONE */;
/*!40103 SET TIME_ZONE='+00:00' */;
/*!40014 SET @OLD_UNIQUE_CHECKS=@@UNIQUE_CHECKS, UNIQUE_CHECKS=0 */;
/*!40014 SET @OLD_FOREIGN_KEY_CHECKS=@@FOREIGN_KEY_CHECKS, FOREIGN_KEY_CHECKS=0 */;
/*!40101 SET @OLD_SQL_MODE=@@SQL_MODE, SQL_MODE='NO_AUTO_VALUE_ON_ZERO' */;
/*!40111 SET @OLD_SQL_NOTES=@@SQL_NOTES, SQL_NOTES=0 */;

--
-- Table structure for table `logs`
--

DROP TABLE IF EXISTS `logs`;
/*!40101 SET @saved_cs_client     = @@character_set_client */;
/*!40101 SET character_set_client = utf8 */;
CREATE TABLE `logs` (
  `id` int(11) NOT NULL AUTO_INCREMENT,
  `exec_time` datetime DEFAULT NULL,
  `status` int(3) DEFAULT NULL,
  `url_id` int(11) DEFAULT NULL,
  PRIMARY KEY (`id`),
  KEY `logs_ibfk_1` (`url_id`),
  CONSTRAINT `logs_ibfk_1` FOREIGN KEY (`url_id`) REFERENCES `monitor` (`id`) ON DELETE CASCADE
) ENGINE=InnoDB AUTO_INCREMENT=412 DEFAULT CHARSET=utf8mb4 COLLATE=utf8mb4_unicode_ci;
/*!40101 SET character_set_client = @saved_cs_client */;

--
-- Dumping data for table `logs`
--

LOCK TABLES `logs` WRITE;
/*!40000 ALTER TABLE `logs` DISABLE KEYS */;
INSERT INTO `logs` VALUES (1,'2018-04-04 15:30:30',200,1),(2,'2018-04-04 15:30:31',200,3),(3,'2018-04-04 15:38:42',200,1),(4,'2018-04-04 15:38:43',200,3),(11,'2018-04-04 15:52:23',200,1),(12,'2018-04-04 15:52:24',200,3),(14,'2018-04-04 15:52:55',200,1),(15,'2018-04-04 15:52:56',200,3),(17,'2018-04-04 15:53:36',200,1),(18,'2018-04-04 15:53:36',200,3),(20,'2018-04-04 16:16:32',200,1),(21,'2018-04-04 16:16:32',200,3),(24,'2018-04-04 16:19:43',200,1),(25,'2018-04-04 16:19:44',200,3),(28,'2018-04-04 16:28:49',200,1),(29,'2018-04-04 16:28:50',200,3),(32,'2018-04-04 16:31:27',200,1),(33,'2018-04-04 16:31:27',200,3),(36,'2018-04-04 16:34:24',200,1),(37,'2018-04-04 16:34:25',200,3),(40,'2018-04-04 16:34:39',200,1),(41,'2018-04-04 16:34:39',200,3),(44,'2018-04-04 16:45:45',200,1),(45,'2018-04-04 16:45:46',200,3),(48,'2018-04-04 16:46:02',200,1),(49,'2018-04-04 16:46:02',200,3),(52,'2018-04-04 16:46:12',200,1),(53,'2018-04-04 16:46:13',200,3),(56,'2018-04-04 16:46:36',200,1),(57,'2018-04-04 16:46:37',200,3),(60,'2018-04-04 16:47:12',200,1),(61,'2018-04-04 16:47:12',200,3),(64,'2018-04-04 16:51:22',200,1),(65,'2018-04-04 16:51:22',200,3),(68,'2018-04-04 16:52:10',200,1),(69,'2018-04-04 16:52:11',200,3),(72,'2018-04-04 16:52:19',200,1),(73,'2018-04-04 16:52:20',200,3),(76,'2018-04-04 16:53:00',200,1),(77,'2018-04-04 16:53:01',200,3),(80,'2018-04-04 17:00:37',200,1),(81,'2018-04-04 17:00:38',200,3),(84,'2018-04-05 13:48:18',200,1),(85,'2018-04-05 13:48:18',200,3),(88,'2018-04-05 13:49:15',200,1),(89,'2018-04-05 13:49:16',200,3),(92,'2018-04-05 13:52:20',200,1),(93,'2018-04-05 13:52:20',200,3),(96,'2018-04-05 13:52:28',200,1),(97,'2018-04-05 13:52:28',200,3),(100,'2018-04-05 13:54:08',200,1),(101,'2018-04-05 13:54:08',200,3),(104,'2018-04-05 13:55:08',200,1),(105,'2018-04-05 13:55:09',200,3),(108,'2018-04-05 13:57:23',200,1),(109,'2018-04-05 13:57:23',200,3),(112,'2018-04-05 13:57:40',200,1),(113,'2018-04-05 13:57:41',200,3),(116,'2018-04-05 14:01:58',200,1),(117,'2018-04-05 14:01:59',200,3),(120,'2018-04-05 14:04:25',200,1),(121,'2018-04-05 14:04:26',200,3),(139,'2018-04-05 15:59:09',200,1),(140,'2018-04-05 15:59:10',200,3),(143,'2018-04-05 16:17:38',200,1),(144,'2018-04-05 16:17:39',200,3),(147,'2018-04-05 16:17:50',200,1),(148,'2018-04-05 16:17:51',200,3),(151,'2018-04-05 17:31:54',200,1),(152,'2018-04-05 17:31:54',200,3),(155,'2018-04-05 20:46:45',200,1),(156,'2018-04-05 20:46:45',200,3),(159,'2018-04-05 20:48:47',200,1),(160,'2018-04-05 20:48:47',200,3),(163,'2018-04-05 20:48:59',200,1),(164,'2018-04-05 20:48:59',200,3),(167,'2018-04-05 20:51:02',200,1),(168,'2018-04-05 20:51:02',200,3),(171,'2018-04-05 20:51:13',200,1),(172,'2018-04-05 20:51:14',200,3),(175,'2018-04-05 20:52:31',200,1),(176,'2018-04-05 20:52:31',200,3),(192,'2018-04-06 09:43:51',200,1),(193,'2018-04-06 09:43:52',200,1),(194,'2018-04-06 09:43:52',200,3),(197,'2018-04-06 09:43:54',200,3),(201,'2018-04-06 09:44:47',200,1),(202,'2018-04-06 09:44:47',200,3),(205,'2018-04-06 09:45:42',200,1),(206,'2018-04-06 09:45:42',200,3),(207,'2018-04-06 09:45:42',200,1),(210,'2018-04-06 09:45:43',200,3),(213,'2018-04-06 09:49:17',200,1),(214,'2018-04-06 09:49:18',200,3),(217,'2018-04-06 09:49:27',200,1),(218,'2018-04-06 09:49:27',200,3),(221,'2018-04-06 09:51:19',200,1),(222,'2018-04-06 09:51:20',200,3),(225,'2018-04-06 09:51:29',200,1),(226,'2018-04-06 09:51:29',200,3),(229,'2018-04-06 09:52:41',200,1),(230,'2018-04-06 09:52:41',200,3),(231,'2018-04-06 09:52:41',200,1),(234,'2018-04-06 09:52:42',200,3),(237,'2018-04-06 09:54:43',200,1),(238,'2018-04-06 09:54:43',200,3),(240,'2018-04-06 09:54:44',200,1),(242,'2018-04-06 09:54:44',200,3),(245,'2018-04-07 10:33:41',200,1),(246,'2018-04-07 10:33:42',200,1),(247,'2018-04-07 10:33:42',200,3),(250,'2018-04-07 10:33:43',200,3),(253,'2018-04-07 10:36:57',200,1),(254,'2018-04-07 10:36:58',200,3),(257,'2018-04-07 10:39:04',200,1),(258,'2018-04-07 10:39:04',200,3),(261,'2018-04-07 10:40:02',200,1),(262,'2018-04-07 10:40:02',200,3),(265,'2018-04-07 10:40:12',200,1),(266,'2018-04-07 10:40:12',200,3),(269,'2018-04-07 10:40:13',200,1),(270,'2018-04-07 10:40:13',200,3),(273,'2018-04-07 10:40:18',200,1),(274,'2018-04-07 10:40:19',200,3),(275,'2018-04-07 10:40:19',200,1),(278,'2018-04-07 10:40:20',200,3),(281,'2018-04-07 10:42:02',200,1),(282,'2018-04-07 10:42:02',200,1),(283,'2018-04-07 10:42:03',200,3),(286,'2018-04-07 10:42:04',200,3),(289,'2018-04-07 10:44:07',200,1),(290,'2018-04-07 10:44:07',200,3),(293,'2018-04-07 10:44:09',200,1),(294,'2018-04-07 10:44:09',200,3),(297,'2018-04-07 10:46:08',200,1),(298,'2018-04-07 10:46:09',200,3),(301,'2018-04-07 10:46:10',200,1),(302,'2018-04-07 10:46:11',200,3),(305,'2018-04-07 10:48:10',200,1),(306,'2018-04-07 10:48:10',200,3),(309,'2018-04-07 10:48:12',200,1),(310,'2018-04-07 10:48:12',200,3),(313,'2018-04-07 10:49:47',200,1),(314,'2018-04-07 10:49:47',200,3),(315,'2018-04-07 10:49:47',200,1),(318,'2018-04-07 10:49:48',200,3),(321,'2018-04-07 10:51:48',200,1),(322,'2018-04-07 10:51:49',200,3),(324,'2018-04-07 10:51:49',200,1),(326,'2018-04-07 10:51:50',200,3),(329,'2018-04-07 10:53:50',200,1),(330,'2018-04-07 10:53:50',200,3),(333,'2018-04-07 10:53:51',200,1),(334,'2018-04-07 10:53:51',200,3),(342,'2018-04-07 10:58:41',200,1),(343,'2018-04-07 10:58:41',200,3),(344,'2018-04-07 10:58:41',200,1),(347,'2018-04-07 10:58:42',200,3),(350,'2018-04-07 11:00:42',200,1),(351,'2018-04-07 11:00:43',200,3),(353,'2018-04-07 11:00:43',200,1),(354,'2018-04-07 11:00:44',200,3),(356,'2018-04-07 11:02:45',200,1),(357,'2018-04-07 11:02:45',200,1),(358,'2018-04-07 11:02:45',200,3),(360,'2018-04-07 11:02:45',200,3),(362,'2018-04-07 11:04:45',200,1),(363,'2018-04-07 11:04:46',200,3),(364,'2018-04-07 11:04:46',200,1),(365,'2018-04-07 11:04:46',200,3),(371,'2018-04-07 11:10:02',200,1),(372,'2018-04-07 11:10:02',200,1),(373,'2018-04-07 11:10:02',200,3),(375,'2018-04-07 11:10:03',200,3),(377,'2018-04-07 11:12:04',200,1),(378,'2018-04-07 11:12:04',200,3),(379,'2018-04-07 11:12:04',200,1),(381,'2018-04-07 11:12:05',200,3),(383,'2018-04-07 11:14:05',200,1),(384,'2018-04-07 11:14:05',200,3),(386,'2018-04-07 11:14:06',200,1),(387,'2018-04-07 11:14:06',200,3),(389,'2018-04-07 11:14:40',200,1),(390,'2018-04-07 11:14:40',200,3),(392,'2018-04-07 11:16:41',200,1),(393,'2018-04-07 11:16:42',200,3),(396,'2018-04-07 11:18:43',200,1),(397,'2018-04-07 11:18:44',200,3),(400,'2018-04-07 11:20:45',200,1),(401,'2018-04-07 11:20:45',200,3),(404,'2018-04-07 11:21:27',200,1),(405,'2018-04-07 11:21:27',200,3),(408,'2018-04-07 11:23:29',200,1),(409,'2018-04-07 11:23:29',200,3),(410,'2018-04-07 11:25:30',200,1),(411,'2018-04-07 11:25:30',200,3);
/*!40000 ALTER TABLE `logs` ENABLE KEYS */;
UNLOCK TABLES;

--
-- Table structure for table `monitor`
--

DROP TABLE IF EXISTS `monitor`;
/*!40101 SET @saved_cs_client     = @@character_set_client */;
/*!40101 SET character_set_client = utf8 */;
CREATE TABLE `monitor` (
  `id` int(11) NOT NULL AUTO_INCREMENT,
  `url` varchar(500) COLLATE utf8mb4_unicode_ci DEFAULT NULL,
  `user_id` int(11) DEFAULT NULL,
  `url_status` int(3) DEFAULT NULL,
  `nb_error` int(3) DEFAULT '0',
  `last_call` datetime DEFAULT NULL,
  PRIMARY KEY (`id`),
  KEY `user_id` (`user_id`),
  CONSTRAINT `monitor_ibfk_1` FOREIGN KEY (`user_id`) REFERENCES `user` (`id`)
) ENGINE=InnoDB AUTO_INCREMENT=8 DEFAULT CHARSET=utf8mb4 COLLATE=utf8mb4_unicode_ci;
/*!40101 SET character_set_client = @saved_cs_client */;

--
-- Dumping data for table `monitor`
--

LOCK TABLES `monitor` WRITE;
/*!40000 ALTER TABLE `monitor` DISABLE KEYS */;
INSERT INTO `monitor` VALUES (1,'https://extranet.ynov.com/home',1,200,0,'2018-04-04 17:00:19'),(3,'https://www.facebook.com/',17,200,0,'2018-04-04 17:00:23');
/*!40000 ALTER TABLE `monitor` ENABLE KEYS */;
UNLOCK TABLES;

--
-- Table structure for table `user`
--

DROP TABLE IF EXISTS `user`;
/*!40101 SET @saved_cs_client     = @@character_set_client */;
/*!40101 SET character_set_client = utf8 */;
CREATE TABLE `user` (
  `id` int(11) NOT NULL AUTO_INCREMENT,
  `email` varchar(100) COLLATE utf8mb4_unicode_ci DEFAULT NULL,
  `password` varchar(150) COLLATE utf8mb4_unicode_ci DEFAULT NULL,
  `is_admin` tinyint(1) DEFAULT NULL,
  PRIMARY KEY (`id`),
  UNIQUE KEY `email` (`email`)
) ENGINE=InnoDB AUTO_INCREMENT=18 DEFAULT CHARSET=utf8mb4 COLLATE=utf8mb4_unicode_ci;
/*!40101 SET character_set_client = @saved_cs_client */;

--
-- Dumping data for table `user`
--

LOCK TABLES `user` WRITE;
/*!40000 ALTER TABLE `user` DISABLE KEYS */;
INSERT INTO `user` VALUES (1,'clement.cardarelli@ynov.com','$argon2i$v=19$m=512,t=2,p=2$HoNQqvW+l1IqxTinFMJ4Lw$w81qAGBWwJ14Lrk55VO2ew',1),(17,'toto@mail.com','$argon2i$v=19$m=512,t=2,p=2$cu5dy3mPcU4pxfh/T4lRig$DroaFRLDy5CkVu0ApWbLHQ',0);
/*!40000 ALTER TABLE `user` ENABLE KEYS */;
UNLOCK TABLES;
/*!40103 SET TIME_ZONE=@OLD_TIME_ZONE */;

/*!40101 SET SQL_MODE=@OLD_SQL_MODE */;
/*!40014 SET FOREIGN_KEY_CHECKS=@OLD_FOREIGN_KEY_CHECKS */;
/*!40014 SET UNIQUE_CHECKS=@OLD_UNIQUE_CHECKS */;
/*!40101 SET CHARACTER_SET_CLIENT=@OLD_CHARACTER_SET_CLIENT */;
/*!40101 SET CHARACTER_SET_RESULTS=@OLD_CHARACTER_SET_RESULTS */;
/*!40101 SET COLLATION_CONNECTION=@OLD_COLLATION_CONNECTION */;
/*!40111 SET SQL_NOTES=@OLD_SQL_NOTES */;

-- Dump completed on 2018-04-07 14:49:14
